Wall time,Step,Value
1529807530.4474952,0,0.8203125
1529808097.4691854,1,0.8952560424804688
1529808663.5067186,2,0.9129329919815063
1529809227.4111247,3,0.9222891330718994
1529809790.98833,4,0.9261671900749207
1529810355.3653977,5,0.9382906556129456
1529810915.8554406,6,0.9413968324661255
1529811473.4611006,7,0.9435805678367615
1529812030.596775,8,0.9440135359764099
1529812587.538773,9,0.9423381090164185
1529813144.3238835,10,0.9441076517105103
1529813701.1844227,11,0.9451618790626526
1529814214.5517318,12,0.947477400302887
1529814721.3857265,13,0.9459902048110962
1529815227.8921225,14,0.945350170135498
1529815734.0417218,15,0.9477221369743347
1529816241.030935,16,0.9474397301673889
1529816747.7373927,17,0.9482304453849792
1529817254.1964974,18,0.9463478922843933
1529817760.6060412,19,0.9460467100143433
1529818266.978175,20,0.9503576755523682
1529818773.5562072,21,0.9468185305595398
1529819280.9564352,22,0.9467055797576904
1529819787.589568,23,0.9520143270492554
1529820294.5034533,24,0.946272611618042
1529820801.2555726,25,0.9476091861724854
1529821309.0846648,26,0.9448418617248535
1529821815.6480496,27,0.9506212472915649
1529822322.292951,28,0.9467244148254395
1529822829.0053947,29,0.9507153630256653
1529823335.8610861,30,0.9489645957946777
1529823861.9029372,31,0.9487010836601257
1529824368.6045527,32,0.948757529258728
1529824874.7325194,33,0.9480045437812805
1529825386.9283154,34,0.9477786421775818
1529825899.6871755,35,0.949661135673523
1529826411.9540238,36,0.9488893151283264
